generation_id,created_at,cost_total,cost_web_search,cost_cache,cost_file_processing,byok_usage_inference,tokens_prompt,tokens_completion,tokens_reasoning,tokens_cached,model_permaslug,provider_name,variant,cancelled,streamed,user,finish_reason_raw,finish_reason_normalized,generation_time_ms,time_to_first_token_ms,app_name,api_key_name
gen-1778672706-zs3codxrq3a,2026-05-13 11:45:06.165,0.000439,,,,0,782,207,0,0,deepseek/deepseek-v3.2,DeepInfra,standard,false,true,,completed,stop,749,322,lovable-dev,ci
gen-1778659969-ft3ky6gm7cv,2026-05-13 08:12:49.751,0.008978,,,,0,7373,770,0,0,anthropic/claude-haiku-4.5-20251022,Anthropic,standard,false,true,,completed,stop,4129,2429,OpenClaw,prod-api
gen-1778658319-rm3xdrgl397,2026-05-13 07:45:19.610,0.001938,,,,0,5437,1063,0,0,qwen/qwen3-coder-480b,Alibaba,standard,false,true,,completed,tool_calls,2069,1332,,macbook
gen-1778656458-m351z97r5cs,2026-05-13 07:14:18.339,0.004792,,,,0,320,388,1968,0,openai/gpt-5-mini-2025-08-07,OpenAI,standard,false,false,,completed,stop,6961,4871,tokeny-monitor,macbook
gen-1778648644-r96jkuo8r0k,2026-05-13 05:04:04.916,0.000377,,,,0,4712,1258,0,0,google/gemini-2.5-flash-lite,Google,standard,false,true,,completed,stop,5559,3358,OpenClaw,prod-api
gen-1778643431-uqhfb1ie5vp,2026-05-13 03:37:11.318,0.004278,,,,0,80889,6952,0,0,google/gemini-2.5-flash-lite,Google,standard,false,true,,completed,stop,32928,22691,,dev-laptop
gen-1778638350-w8a8d2jz45p,2026-05-13 02:12:30.853,0.183825,,,,0,10475,356,0,0,anthropic/claude-4.6-opus-20260205,Anthropic,standard,false,true,,completed,tool_calls,6285,3523,,prod-api
gen-1778634580-8x2hm5szc6b,2026-05-13 01:09:40.940,0.000545,,,,0,2283,903,0,0,meta-llama/llama-3.3-70b-instruct,DeepInfra,standard,false,true,,completed,stop,4086,1699,,rpi5
gen-1778628718-pxgjbt2dsbi,2026-05-12 23:31:58.833,0.001264,,,,0,8363,684,1430,0,openai/gpt-5-nano-2025-08-07,OpenAI,standard,false,true,,completed,tool_calls,1885,1216,lovable-dev,ci
gen-1778627703-rtdi7akoocn,2026-05-12 23:15:03.717,0.015052,,,,0,8818,259,144,0,openai/gpt-5-2025-08-07,OpenAI,standard,false,true,,completed,stop,5380,2727,OpenClaw,ci
gen-1778620384-mvby1jpom7m,2026-05-12 21:13:04.011,0.006853,,,,0,4361,841,0,0,anthropic/claude-haiku-4.5-20251022,Anthropic,standard,false,true,,completed,stop,4272,2105,tokeny-monitor,macbook
gen-1778618968-9nsfkbployu,2026-05-12 20:49:28.581,0.020377,,,,0,3886,1452,100,0,openai/gpt-5-2025-08-07,OpenAI,standard,false,true,,completed,stop,5000,2765,cursor-mp,ci
gen-1778616178-7g2ungfl6y8,2026-05-12 20:02:58.056,0.013465,,,,0,10001,1366,0,0,anthropic/claude-haiku-4.5-20251022,Anthropic,standard,false,false,,completed,stop,699,544,tokeny-monitor,rpi5
gen-1778612703-29qqg2w36qo,2026-05-12 19:05:03.279,0.007933,,,,0,9226,138,0,0,anthropic/claude-haiku-4.5-20251022,Anthropic,standard,false,true,,completed,tool_calls,4794,2457,cursor-mp,prod-api
gen-1778610950-y0jt1a9i06k,2026-05-12 18:35:50.521,0.001414,,,,0,7878,818,1731,0,openai/gpt-5-nano-2025-08-07,OpenAI,standard,false,true,,completed,stop,613,342,OpenClaw,ci
gen-1778607883-dh7o31tn6ih,2026-05-12 17:44:43.782,0.011085,,,,0,1716,54,840,0,openai/gpt-5-2025-08-07,OpenAI,standard,false,true,,completed,stop,4863,2525,OpenClaw,ci
gen-1778601414-v9z6bgkmkl,2026-05-12 15:56:54.394,0.000986,,,,0,2647,170,1963,1591,openai/gpt-5-nano-2025-08-07,OpenAI,standard,false,false,,completed,stop,6534,2869,OpenClaw,prod-api
gen-1778601090-16bs6pg06xw,2026-05-12 15:51:30.199,0.006057,,,,0,121029,8107,0,0,google/gemini-2.5-flash-lite,Google,standard,false,true,,completed,stop,24836,18784,tokeny-monitor,prod-api
gen-1778596557-dzaxhux8d0h,2026-05-12 14:35:57.371,0.002268,,,,0,8572,692,0,0,qwen/qwen3-coder-480b,Alibaba,standard,false,true,,completed,stop,4025,2283,OpenClaw,ci
gen-1778595188-y1amws4gzmn,2026-05-12 14:13:08.197,0.002633,,,,0,9407,940,0,0,qwen/qwen3-coder-480b,Alibaba,standard,false,false,,completed,stop,2889,2220,OpenClaw,macbook
gen-1778585345-4ho70v77mm6,2026-05-12 11:29:05.178,0.004748,,,,0,11273,352,613,0,openai/gpt-5-mini-2025-08-07,OpenAI,standard,false,false,,completed,stop,4559,1897,cursor-mp,ci
gen-1778584260-qxqt8f3ar7h,2026-05-12 11:11:00.637,0.050442,,,,0,2089,1174,1771,3968,x-ai/grok-4,xAI,standard,false,true,,completed,stop,5255,3483,cursor-mp,macbook
gen-1778578787-arq5j47bv1c,2026-05-12 09:39:47.944,0.001639,,,,0,2126,968,0,0,deepseek/deepseek-v3.2,DeepInfra,standard,false,true,,completed,stop,2172,1324,,ci
gen-1778569150-1r1w2i8ifk2,2026-05-12 06:59:10.607,0.007876,,,,0,4465,1076,0,0,anthropic/claude-haiku-4.5-20251022,Anthropic,standard,false,false,,completed,stop,5832,4491,OpenClaw,ci
gen-1778568114-j57bwi2y2u,2026-05-12 06:41:54.651,0.018844,,,,0,8999,141,0,3768,mistralai/mistral-large-2411,Mistral,standard,false,false,,completed,stop,2352,1343,cursor-mp,macbook
gen-1778564811-3pwsymiybvi,2026-05-12 05:46:51.421,0.023319,,,,0,11407,906,0,0,google/gemini-3-pro-preview,Google,standard,false,true,,completed,stop,504,255,lovable-dev,dev-laptop
gen-1778563200-0diesbi5gn0c,2026-05-12 05:20:00.926,0.000665,,,,0,5966,726,0,4191,google/gemini-2.5-flash,Google,standard,false,true,,completed,stop,7106,5591,tokeny-monitor,ci
gen-1778559210-8qh46pbxj1,2026-05-12 04:13:30.767,0.437142,,,,0,115664,6010,0,0,anthropic/claude-4.6-sonnet-20260118,Anthropic,standard,false,false,,completed,stop,38004,17472,,macbook
gen-1778557756-8v3kduhqni8,2026-05-12 03:49:16.046,0.016973,,,,0,7810,721,0,0,google/gemini-3-pro-preview,Google,standard,false,true,,completed,stop,1899,796,tokeny-monitor,prod-api
gen-1778553859-pu6et61yv8,2026-05-12 02:44:19.574,0.001383,,,,0,11005,208,0,0,meta-llama/llama-3.3-70b-instruct,DeepInfra,standard,false,true,,completed,stop,6538,4183,OpenClaw,prod-api
gen-1778552486-0xfuydtgtpu,2026-05-12 02:21:26.843,0.027082,,,,0,10538,1001,0,680,mistralai/mistral-large-2411,Mistral,standard,false,true,,completed,stop,5047,2369,,prod-api
gen-1778548713-z7t8japauw,2026-05-12 01:18:33.899,0.000488,,,,0,648,874,265,229,openai/gpt-5-nano-2025-08-07,OpenAI,standard,false,true,,completed,stop,6544,3114,,prod-api
gen-1778545922-ng54dsvy3oq,2026-05-12 00:32:02.133,0.134490,,,,0,2006,1392,0,0,anthropic/claude-4.6-opus-20260205,Anthropic,standard,false,true,,completed,stop,6050,4097,tokeny-monitor,prod-api
gen-1778545119-3lxfq3wvl2y,2026-05-12 00:18:39.423,0.000965,,,,0,8989,969,0,0,google/gemini-2.5-flash,Google,standard,false,false,,completed,stop,5948,3604,OpenClaw,ci
gen-1778542841-hsz6ioyf5jt,2026-05-11 23:40:41.258,0.001261,,,,0,1387,806,0,0,deepseek/deepseek-v3.2,DeepInfra,standard,false,false,,completed,stop,1622,1070,,dev-laptop
gen-1778530979-nl25vmrsu,2026-05-11 20:22:59.826,0.003502,,,,0,11263,419,0,2495,deepseek/deepseek-v3.2,DeepInfra,standard,false,false,,completed,stop,6312,3668,OpenClaw,rpi5
gen-1778526040-5p1o3ru9b2u,2026-05-11 19:00:40.274,0.000261,,,,0,3590,782,0,0,google/gemini-2.5-flash-lite,Google,standard,false,true,,completed,stop,7193,5342,OpenClaw,prod-api
gen-1778525382-6ure7mobka5,2026-05-11 18:49:42.011,0.000812,,,,0,9207,350,528,0,openai/gpt-5-nano-2025-08-07,OpenAI,standard,false,false,,completed,length,6130,3592,OpenClaw,prod-api
gen-1778507832-h49i8px06qg,2026-05-11 13:57:12.803,0.168120,,,,0,10873,67,0,0,anthropic/claude-4.6-opus-20260205,Anthropic,standard,false,true,,completed,length,3330,2505,OpenClaw,ci
gen-1778501826-i88tcv69lh,2026-05-11 12:17:06.900,0.000784,,,,0,3115,1368,0,0,meta-llama/llama-3.3-70b-instruct,DeepInfra,standard,false,true,,completed,stop,7853,5929,OpenClaw,prod-api
gen-1778500338-lca6k1vzwjs,2026-05-11 11:52:18.129,0.007947,,,,0,1239,282,0,0,anthropic/claude-4.6-sonnet-20260118,Anthropic,standard,false,true,,completed,stop,1855,1295,,rpi5
gen-1778497895-0scpgw4ovv4,2026-05-11 11:11:35.400,0.002312,,,,0,2669,1447,0,497,deepseek/deepseek-v3.2,DeepInfra,standard,false,false,,completed,stop,1609,698,OpenClaw,ci
gen-1778492190-0fxl7wp7jgsu,2026-05-11 09:36:30.817,0.053604,,,,0,11263,490,831,0,x-ai/grok-4,xAI,standard,false,false,,completed,tool_calls,3051,2241,OpenClaw,prod-api
gen-1778490125-2edu44sqczr,2026-05-11 09:02:05.569,0.005851,,,,0,5449,373,0,0,anthropic/claude-haiku-4.5-20251022,Anthropic,standard,false,false,,completed,stop,4648,3164,OpenClaw,rpi5
gen-1778487158-2zb5i2r6fj1,2026-05-11 08:12:38.289,0.004129,,,,0,90693,3343,0,0,google/gemini-2.5-flash-lite,Google,standard,false,true,,completed,stop,41843,17467,OpenClaw,dev-laptop
gen-1778483959-sgkcltthir,2026-05-11 07:19:19.492,0.000582,,,,0,3758,437,0,0,meta-llama/llama-3.3-70b-instruct,DeepInfra,standard,false,false,,completed,stop,3229,1740,OpenClaw,dev-laptop
gen-1778478607-iaeptyjb0mp,2026-05-11 05:50:07.547,0.004985,,,,0,1898,874,1381,0,openai/gpt-5-mini-2025-08-07,OpenAI,standard,false,false,,completed,stop,6630,4260,tokeny-monitor,rpi5
gen-1778465832-gh3vnijeefm,2026-05-11 02:17:12.333,0.001566,,,,0,10369,1161,1458,0,openai/gpt-5-nano-2025-08-07,OpenAI,standard,false,true,,completed,stop,3715,1766,OpenClaw,rpi5
gen-1778464885-q4ln4nixam,2026-05-11 02:01:25.360,0.042588,,,,0,11781,362,121,0,x-ai/grok-4,xAI,standard,false,false,,completed,length,7915,4642,,prod-api
gen-1778457531-uwo1r093ho,2026-05-10 23:58:51.466,0.005766,,,,0,7255,159,1817,176,openai/gpt-5-mini-2025-08-07,OpenAI,standard,true,true,,,error,0,0,lovable-dev,prod-api
gen-1778443728-rbydbo22hv,2026-05-10 20:08:48.117,0.046773,,,,0,9376,1243,0,913,anthropic/claude-4.6-sonnet-20260118,Anthropic,standard,false,true,,completed,stop,1757,1136,OpenClaw,dev-laptop
gen-1778439941-7jraestbwlq,2026-05-10 19:05:41.771,0.024276,,,,0,4462,726,0,0,anthropic/claude-4.6-sonnet-20260118,Anthropic,standard,false,false,,completed,stop,5694,2778,OpenClaw,dev-laptop
gen-1778438516-1qco6fhw40i,2026-05-10 18:41:56.693,0.000271,,,,0,433,794,0,4909,google/gemini-2.5-flash,Google,standard,false,false,,completed,tool_calls,2283,1498,tokeny-monitor,macbook
gen-1778437759-30ajgpjr194,2026-05-10 18:29:19.837,0.000182,,,,0,3844,188,0,0,google/gemini-2.5-flash-lite,Google,standard,false,false,,completed,stop,7122,5254,OpenClaw,macbook
gen-1778432495-rmtkseb9909,2026-05-10 17:01:35.137,0.000490,,,,0,9411,760,0,0,google/gemini-2.5-flash-lite,Google,standard,false,true,,completed,stop,4669,3493,,dev-laptop
gen-1778420098-zkq3syzz8hc,2026-05-10 13:34:58.488,0.000415,,,,0,7403,790,0,0,google/gemini-2.5-flash-lite,Google,standard,false,true,,completed,stop,3486,2302,OpenClaw,macbook
gen-1778416075-9pchwt3dq9,2026-05-10 12:27:55.466,0.046020,,,,0,8185,1431,0,0,anthropic/claude-4.6-sonnet-20260118,Anthropic,standard,false,true,,completed,stop,607,286,cursor-mp,rpi5
gen-1778411740-b1rzu39mu6v,2026-05-10 11:15:40.553,0.027786,,,,0,2122,1428,0,2669,anthropic/claude-4.6-sonnet-20260118,Anthropic,standard,false,true,,completed,stop,5735,3474,tokeny-monitor,prod-api
gen-1778409572-consi7rkh4k,2026-05-10 10:39:32.420,0.013086,,,,0,11327,1006,0,0,anthropic/claude-haiku-4.5-20251022,Anthropic,standard,false,true,,completed,tool_calls,6120,3375,OpenClaw,ci
gen-1778407700-i7sv6fpkioh,2026-05-10 10:08:20.300,0.000633,,,,0,3918,721,372,3159,openai/gpt-5-nano-2025-08-07,OpenAI,standard,false,true,,completed,stop,3136,1331,lovable-dev,rpi5
gen-1778401096-k58bt97djke,2026-05-10 08:18:16.938,0.000385,,,,0,4929,1255,0,0,google/gemini-2.5-flash-lite,Google,standard,false,true,,completed,stop,5104,2094,OpenClaw,rpi5
gen-1778395358-ckalw4a48p,2026-05-10 06:42:38.142,0.001004,,,,0,8328,1263,0,0,google/gemini-2.5-flash,Google,standard,false,true,,completed,length,3165,2386,lovable-dev,macbook
gen-1778390514-snxkt340jwl,2026-05-10 05:21:54.201,0.001042,,,,0,9809,1020,0,3533,google/gemini-2.5-flash,Google,standard,false,false,,completed,stop,7522,4270,cursor-mp,prod-api
gen-1778378689-1qkqmynjm0e,2026-05-10 02:04:49.210,0.025608,,,,0,5136,680,0,0,anthropic/claude-4.6-sonnet-20260118,Anthropic,standard,false,false,,completed,stop,3717,2924,,dev-laptop
gen-1778373557-6nx2tn84n5i,2026-05-10 00:39:17.446,0.000763,,,,0,3850,1226,199,0,openai/gpt-5-nano-2025-08-07,OpenAI,standard,false,true,,completed,stop,2612,1885,,dev-laptop
gen-1778371275-ia6j1s3xot,2026-05-10 00:01:15.585,0.001208,,,,0,11101,1337,295,0,openai/gpt-5-nano-2025-08-07,OpenAI,standard,false,true,,completed,stop,6096,4661,OpenClaw,macbook
gen-1778367620-lky66h7f74,2026-05-09 23:00:20.879,0.000987,,,,0,8137,1256,0,0,google/gemini-2.5-flash,Google,standard,false,true,,completed,tool_calls,1908,967,OpenClaw,macbook
gen-1778365902-husb2yql89,2026-05-09 22:31:42.329,0.000593,,,,0,9937,1304,0,4998,google/gemini-2.5-flash-lite,Google,standard,false,false,,completed,stop,3745,2847,tokeny-monitor,rpi5
gen-1778357452-w6tykukga3n,2026-05-09 20:10:52.285,0.036735,,,,0,1365,1458,718,1680,x-ai/grok-4,xAI,standard,false,true,,completed,length,6311,4976,,prod-api
gen-1778346476-6zgkfn6i43g,2026-05-09 17:07:56.344,0.004320,,,,0,5449,549,930,2266,openai/gpt-5-mini-2025-08-07,OpenAI,standard,false,true,,completed,stop,4211,3205,OpenClaw,prod-api
gen-1778328036-py3dicq33xg,2026-05-09 12:00:36.228,0.010822,,,,0,7882,1129,0,0,anthropic/claude-haiku-4.5-20251022,Anthropic,standard,false,false,,completed,stop,6363,3253,lovable-dev,prod-api
gen-1778319774-whou7rrgs4n,2026-05-09 09:42:54.287,0.003811,,,,0,490,1353,491,3101,openai/gpt-5-mini-2025-08-07,OpenAI,standard,false,false,,completed,stop,6688,3241,tokeny-monitor,dev-laptop
gen-1778317632-lkxs8jfo2p,2026-05-09 09:07:12.615,0.042906,,,,0,10782,704,0,3611,anthropic/claude-4.6-sonnet-20260118,Anthropic,standard,false,true,,completed,stop,6547,2887,,macbook
gen-1778303029-e0c8h2xrlga,2026-05-09 05:03:49.889,0.007285,,,,0,10581,978,1342,3847,openai/gpt-5-mini-2025-08-07,OpenAI,standard,false,true,,completed,stop,6883,3834,OpenClaw,ci
gen-1778302543-5kc96exzs8b,2026-05-09 04:55:43.326,0.001068,,,,0,9298,1237,0,0,google/gemini-2.5-flash,Google,standard,false,true,,completed,length,6184,2538,OpenClaw,rpi5
gen-1778299645-utb8x6bhx1,2026-05-09 04:07:25.292,0.001312,,,,0,10122,1354,661,0,openai/gpt-5-nano-2025-08-07,OpenAI,standard,false,false,,completed,stop,4192,2872,OpenClaw,ci
gen-1778296101-n4k4pmcifp,2026-05-09 03:08:21.029,0.008004,,,,0,8150,371,0,0,anthropic/claude-haiku-4.5-20251022,Anthropic,standard,false,true,,completed,stop,6836,5282,OpenClaw,macbook
gen-1778288791-0noutmmunee,2026-05-09 01:06:31.216,0.013638,,,,0,3318,78,871,1863,openai/gpt-5-2025-08-07,OpenAI,standard,false,true,,completed,stop,5206,4099,OpenClaw,dev-laptop
gen-1778280028-l96vrvu6g1m,2026-05-08 22:40:28.091,0.001028,,,,0,9805,1111,234,0,openai/gpt-5-nano-2025-08-07,OpenAI,standard,false,true,,completed,stop,7370,5008,lovable-dev,macbook
gen-1778271512-vgicabe5l7n,2026-05-08 20:18:32.012,0.001694,,,,0,11676,976,0,0,meta-llama/llama-3.3-70b-instruct,DeepInfra,standard,false,true,,completed,stop,4913,3491,lovable-dev,rpi5
gen-1778267005-bi48e419279,2026-05-08 19:03:25.581,0.038166,,,,0,7667,1011,0,213,anthropic/claude-4.6-sonnet-20260118,Anthropic,standard,false,true,,completed,stop,1424,1117,OpenClaw,ci
gen-1778266445-bf56zhkmgyw,2026-05-08 18:54:05.028,0.004236,,,,0,11283,1081,0,3498,deepseek/deepseek-v3.2,DeepInfra,standard,false,false,,completed,stop,1996,1145,OpenClaw,prod-api
gen-1778247323-zgfnch6ibgk,2026-05-08 13:35:23.810,0.013406,,,,0,1901,1103,0,2256,google/gemini-3-pro-preview,Google,standard,false,true,,completed,stop,7742,3881,OpenClaw,ci
gen-1778230131-olpwgkaloo,2026-05-08 08:48:51.507,0.000280,,,,0,5361,440,0,0,google/gemini-2.5-flash-lite,Google,standard,false,true,,completed,stop,608,371,OpenClaw,prod-api
gen-1778226667-ybeytthw6xr,2026-05-08 07:51:07.640,0.001549,,,,0,11559,1464,964,0,openai/gpt-5-nano-2025-08-07,OpenAI,standard,false,true,,completed,stop,891,532,tokeny-monitor,rpi5
gen-1778219974-ikzp8zw32ai,2026-05-08 05:59:34.955,0.003397,,,,0,10066,617,0,313,deepseek/deepseek-v3.2,DeepInfra,standard,false,true,,completed,stop,690,328,,prod-api
gen-1778208334-kztv7h1p8g,2026-05-08 02:45:34.315,0.011825,,,,0,7116,293,0,3860,google/gemini-3-pro-preview,Google,standard,false,true,,completed,stop,5044,3627,tokeny-monitor,ci
gen-1778207303-hbaw29ue00i,2026-05-08 02:28:23.516,0.030066,,,,0,10637,1249,428,0,openai/gpt-5-2025-08-07,OpenAI,standard,false,true,,completed,stop,7308,3306,OpenClaw,prod-api
gen-1778207248-p9ishgu2uvf,2026-05-08 02:27:28.026,0.000728,,,,0,6846,714,0,2372,google/gemini-2.5-flash,Google,standard,false,true,,completed,stop,2635,1961,OpenClaw,dev-laptop
gen-1778189201-cutejapyqpq,2026-05-07 21:26:41.944,0.049694,,,,0,165879,4461,0,0,deepseek/deepseek-v3.2,DeepInfra,standard,true,true,,,error,0,0,OpenClaw,prod-api
gen-1778187535-1288axxsg3mg,2026-05-07 20:58:55.958,0.030868,,,,0,78111,8889,0,0,deepseek/deepseek-v3.2,DeepInfra,standard,false,false,,completed,stop,39406,18880,OpenClaw,prod-api
gen-1778175555-iqnyllsqwfg,2026-05-07 17:39:15.726,0.002997,,,,0,4397,194,755,4194,openai/gpt-5-mini-2025-08-07,OpenAI,standard,false,true,,completed,stop,4070,2541,OpenClaw,dev-laptop
gen-1778173074-6elu6gcmql4,2026-05-07 16:57:54.487,0.002383,,,,0,2708,586,267,3836,openai/gpt-5-mini-2025-08-07,OpenAI,standard,false,true,,completed,tool_calls,1772,1212,OpenClaw,rpi5
gen-1778164047-g0af3pw87va,2026-05-07 14:27:27.226,0.000488,,,,0,5853,164,0,0,google/gemini-2.5-flash,Google,standard,false,false,,completed,stop,6319,4589,OpenClaw,prod-api
gen-1778164025-dgplbq6shd9,2026-05-07 14:27:05.903,0.000454,,,,0,2271,605,0,0,meta-llama/llama-3.3-70b-instruct,DeepInfra,standard,false,false,,completed,stop,3903,2667,cursor-mp,prod-api
gen-1778161501-401xxrrpfzy,2026-05-07 13:45:01.132,0.000509,,,,0,8200,1210,0,1726,google/gemini-2.5-flash-lite,Google,standard,false,true,,completed,tool_calls,5643,4144,,dev-laptop
gen-1778152847-97bywhc6rqn,2026-05-07 11:20:47.749,0.035304,,,,0,7923,594,1946,1615,openai/gpt-5-2025-08-07,OpenAI,standard,false,true,,completed,stop,4346,2945,OpenClaw,rpi5
gen-1778152637-ncdkq6j5wta,2026-05-07 11:17:17.228,0.001030,,,,0,10027,183,1139,0,openai/gpt-5-nano-2025-08-07,OpenAI,standard,false,true,,completed,stop,1467,1102,,rpi5
gen-1778147457-k0wy0xpld4g,2026-05-07 09:50:57.392,0.026877,,,,0,4269,938,0,0,anthropic/claude-4.6-sonnet-20260118,Anthropic,standard,false,true,,completed,stop,4229,2080,,dev-laptop
gen-1778133584-b0yoqv43d4t,2026-05-07 05:59:44.385,0.006586,,,,0,4653,716,0,0,anthropic/claude-haiku-4.5-20251022,Anthropic,standard,false,true,,completed,stop,1622,1196,tokeny-monitor,prod-api
gen-1778122817-ehxj6m1b98f,2026-05-07 03:00:17.112,0.221534,,,,0,119195,5367,1887,0,openai/gpt-5-2025-08-07,OpenAI,standard,false,true,,completed,stop,36215,16239,lovable-dev,ci
gen-1778118748-9pf0n1dmt2t,2026-05-07 01:52:28.184,0.018186,,,,0,452,1122,0,0,anthropic/claude-4.6-sonnet-20260118,Anthropic,standard,false,false,,completed,stop,6061,2907,OpenClaw,dev-laptop
gen-1778107625-96vwnl6mfcn,2026-05-06 22:47:05.360,0.000888,,,,0,6907,1233,0,0,google/gemini-2.5-flash,Google,standard,false,false,,completed,tool_calls,4727,3736,tokeny-monitor,dev-laptop
gen-1778102850-ftb65hocv4f,2026-05-06 21:27:30.930,0.010518,,,,0,906,520,0,0,anthropic/claude-4.6-sonnet-20260118,Anthropic,standard,false,true,,completed,stop,7717,4723,tokeny-monitor,ci
gen-1778099363-dluyabsrmts,2026-05-06 20:29:23.921,0.087960,,,,0,3614,450,0,0,anthropic/claude-4.6-opus-20260205,Anthropic,standard,false,true,,completed,stop,3802,2163,OpenClaw,dev-laptop
gen-1778095959-2h5azhft8dj,2026-05-06 19:32:39.647,0.016369,,,,0,7463,704,0,0,google/gemini-3-pro-preview,Google,standard,false,true,,completed,stop,6180,4405,,prod-api
gen-1778080696-x1p3lu5fsbk,2026-05-06 15:18:16.186,0.007846,,,,0,6927,576,0,0,anthropic/claude-haiku-4.5-20251022,Anthropic,standard,false,false,,completed,tool_calls,3671,2417,tokeny-monitor,dev-laptop
gen-1778076531-vmvtzv48z2,2026-05-06 14:08:51.461,0.005664,,,,0,11569,1101,285,0,openai/gpt-5-mini-2025-08-07,OpenAI,standard,false,true,,completed,stop,6267,3333,lovable-dev,dev-laptop
gen-1778068097-izoi3z3onbo,2026-05-06 11:48:17.956,0.000960,,,,0,7746,1161,271,0,openai/gpt-5-nano-2025-08-07,OpenAI,standard,false,true,,completed,length,5050,2139,OpenClaw,dev-laptop
gen-1778055632-s18w0f3hzks,2026-05-06 08:20:32.579,0.090090,,,,0,991,1003,0,0,anthropic/claude-4.6-opus-20260205,Anthropic,standard,false,true,,completed,stop,1590,1207,tokeny-monitor,macbook
gen-1778039017-rsxo9v3reg9,2026-05-06 03:43:37.632,0.003739,,,,0,75224,4866,0,4565,google/gemini-2.5-flash-lite,Google,standard,false,true,,completed,stop,57429,42441,tokeny-monitor,ci
gen-1778035122-i8uzprtm2z,2026-05-06 02:38:42.348,0.001072,,,,0,6351,1033,0,0,meta-llama/llama-3.3-70b-instruct,DeepInfra,standard,false,false,,completed,stop,5394,2315,OpenClaw,dev-laptop
gen-1778005636-jdluepm4w2o,2026-05-05 18:27:16.600,0.000257,,,,0,4083,626,0,0,google/gemini-2.5-flash-lite,Google,standard,false,true,,completed,stop,3630,2609,,prod-api
gen-1777988754-rdmul91ctyd,2026-05-05 13:45:54.061,0.000566,,,,0,6384,291,0,2462,google/gemini-2.5-flash,Google,standard,false,true,,completed,stop,464,279,cursor-mp,rpi5
gen-1777922411-26rx5g4pkgl,2026-05-04 19:20:11.871,0.014521,,,,0,8361,407,0,0,google/gemini-3-pro-preview,Google,standard,false,true,,completed,stop,6496,4276,lovable-dev,rpi5
gen-1777889838-x4ienqg68df,2026-05-04 10:17:18.305,0.000754,,,,0,10448,360,218,580,openai/gpt-5-nano-2025-08-07,OpenAI,standard,false,false,,completed,stop,4279,3376,OpenClaw,dev-laptop
gen-1777887858-fxyr3o6aq1v,2026-05-04 09:44:18.854,0.027390,,,,0,8345,157,0,143,anthropic/claude-4.6-sonnet-20260118,Anthropic,standard,false,true,,completed,stop,4682,2027,OpenClaw,rpi5
gen-1777886018-5tlpczv6zde,2026-05-04 09:13:38.983,0.006399,,,,0,2231,361,0,0,google/gemini-3-pro-preview,Google,standard,false,false,,completed,stop,7835,4470,OpenClaw,rpi5
gen-1777883484-ivzsai2wph,2026-05-04 08:31:24.167,0.028836,,,,0,7587,405,0,0,anthropic/claude-4.6-sonnet-20260118,Anthropic,standard,false,true,,completed,stop,5534,2934,tokeny-monitor,macbook
gen-1777873499-7q5y3t5oo8s,2026-05-04 05:44:59.153,0.003985,,,,0,11621,770,0,0,deepseek/deepseek-v3.2,DeepInfra,standard,false,true,,completed,stop,1703,1027,tokeny-monitor,rpi5
gen-1777864436-c6gbaefcanv,2026-05-04 03:13:56.357,0.000507,,,,0,1383,718,377,0,openai/gpt-5-nano-2025-08-07,OpenAI,standard,false,false,,completed,stop,4212,2099,,rpi5
gen-1777863776-u64w1h1hcl8,2026-05-04 03:02:56.649,0.015997,,,,0,128146,2064,0,1668,meta-llama/llama-3.3-70b-instruct,DeepInfra,standard,false,true,,completed,stop,37116,21192,OpenClaw,dev-laptop
gen-1777861108-3qagb2zqefr,2026-05-04 02:18:28.691,0.000406,,,,0,3602,454,0,4491,google/gemini-2.5-flash,Google,standard,false,true,,completed,stop,1784,892,tokeny-monitor,prod-api
gen-1777852686-slm4b292je,2026-05-03 23:58:06.595,0.003180,,,,0,1679,74,1306,2551,openai/gpt-5-mini-2025-08-07,OpenAI,standard,false,true,,completed,stop,2337,1821,OpenClaw,dev-laptop
gen-1777841394-vrq8a0ugyfm,2026-05-03 20:49:54.982,0.002370,,,,0,878,417,0,0,anthropic/claude-haiku-4.5-20251022,Anthropic,standard,false,true,,completed,stop,5354,2723,,prod-api
gen-1777837174-j89pyf2mle9,2026-05-03 19:39:34.803,0.048739,,,,0,169387,2731,0,4271,deepseek/deepseek-v3.2,DeepInfra,standard,false,false,,completed,stop,54285,31030,OpenClaw,rpi5
gen-1777828535-2l6tc4qrq3p,2026-05-03 17:15:35.341,0.000468,,,,0,7256,207,55,0,openai/gpt-5-nano-2025-08-07,OpenAI,standard,false,false,,completed,stop,1554,853,OpenClaw,rpi5
gen-1777827871-v1ldgp8y7y,2026-05-03 17:04:31.663,0.001020,,,,0,11434,529,591,573,openai/gpt-5-nano-2025-08-07,OpenAI,standard,false,false,,completed,stop,5240,3757,OpenClaw,rpi5
gen-1777799248-m4es2oii5lf,2026-05-03 09:07:28.823,0.000124,,,,0,2514,158,0,0,google/gemini-2.5-flash-lite,Google,standard,false,true,,completed,stop,7068,5497,cursor-mp,macbook
gen-1777789336-cnm7hb6y9ep,2026-05-03 06:22:16.195,0.000869,,,,0,10652,235,0,4383,google/gemini-2.5-flash,Google,standard,false,true,,completed,stop,4980,2913,lovable-dev,macbook
gen-1777782271-8jt8pxncucp,2026-05-03 04:24:31.051,0.025208,,,,0,1214,1462,907,0,openai/gpt-5-2025-08-07,OpenAI,standard,false,true,,completed,stop,6538,4761,,dev-laptop
gen-1777781616-ono6v5df1ha,2026-05-03 04:13:36.549,0.025035,,,,0,5740,521,0,2048,anthropic/claude-4.6-sonnet-20260118,Anthropic,standard,false,true,,completed,stop,636,426,OpenClaw,dev-laptop
gen-1777778790-2em7r9mwrow,2026-05-03 03:26:30.871,0.007315,,,,0,3388,1480,1754,1648,openai/gpt-5-mini-2025-08-07,OpenAI,standard,false,true,,completed,stop,1210,965,OpenClaw,dev-laptop
gen-1777750544-no786bljcut,2026-05-02 19:35:44.595,0.023718,,,,0,10362,499,0,0,mistralai/mistral-large-2411,Mistral,standard,false,true,,completed,stop,2967,2265,OpenClaw,dev-laptop
gen-1777749882-fjgl1xnxjgu,2026-05-02 19:24:42.572,0.000844,,,,0,9368,473,0,0,google/gemini-2.5-flash,Google,standard,false,true,,completed,length,5196,2844,OpenClaw,prod-api
gen-1777744667-ujffkyn3nq,2026-05-02 17:57:47.425,0.000539,,,,0,9924,946,0,1274,google/gemini-2.5-flash-lite,Google,standard,false,false,,completed,stop,1563,1231,OpenClaw,ci
gen-1777739657-43mlg028vyl,2026-05-02 16:34:17.071,0.001477,,,,0,5028,109,0,0,deepseek/deepseek-v3.2,DeepInfra,standard,false,true,,completed,stop,4250,1787,OpenClaw,ci
gen-1777720010-a97z0ab4u47,2026-05-02 11:06:50.245,0.000347,,,,0,4701,1057,0,0,google/gemini-2.5-flash-lite,Google,standard,false,true,,completed,stop,3930,2370,OpenClaw,dev-laptop
gen-1777712740-i9r7m8mnkof,2026-05-02 09:05:40.339,0.003854,,,,0,3578,248,0,691,anthropic/claude-haiku-4.5-20251022,Anthropic,standard,false,true,,completed,stop,7579,4299,OpenClaw,ci
gen-1777703794-9rfwl85tcvg,2026-05-02 06:36:34.549,0.014346,,,,0,5481,564,0,0,mistralai/mistral-large-2411,Mistral,standard,false,false,,completed,stop,6636,2667,OpenClaw,rpi5
gen-1777703401-xowaapfkruk,2026-05-02 06:30:01.518,0.001561,,,,0,10209,1119,0,0,meta-llama/llama-3.3-70b-instruct,DeepInfra,standard,false,true,,completed,stop,4453,2111,tokeny-monitor,dev-laptop
gen-1777694865-m0dt1akvf6i,2026-05-02 04:07:45.327,0.006910,,,,0,149478,6206,0,0,google/gemini-2.5-flash-lite,Google,standard,false,false,,completed,stop,47802,29203,tokeny-monitor,ci
gen-1777689837-swiutqx6jkk,2026-05-02 02:43:57.477,0.025161,,,,0,7972,83,0,0,anthropic/claude-4.6-sonnet-20260118,Anthropic,standard,false,false,,completed,stop,1282,796,OpenClaw,prod-api
gen-1777689793-43t175fgtc6,2026-05-02 02:43:13.187,0.051930,,,,0,10535,1352,3,1022,x-ai/grok-4,xAI,standard,false,true,,completed,tool_calls,6729,3135,,prod-api
gen-1777682036-gllehrt05g8,2026-05-02 00:33:56.438,0.047784,,,,0,11155,1467,1917,4576,openai/gpt-5-2025-08-07,OpenAI,standard,false,false,,completed,stop,5234,3717,OpenClaw,dev-laptop
gen-1777671509-1c7vkb81si4,2026-05-01 21:38:29.000,0.009588,,,,0,2462,651,0,2437,google/gemini-3-pro-preview,Google,standard,false,true,,completed,stop,6650,3526,OpenClaw,dev-laptop
gen-1777664454-x8us1ryg77c,2026-05-01 19:40:54.372,0.030106,,,,0,5757,1170,1121,3931,openai/gpt-5-2025-08-07,OpenAI,standard,false,true,,completed,tool_calls,3278,1680,cursor-mp,prod-api
gen-1777641425-kio7xlb76i,2026-05-01 13:17:05.874,0.006127,,,,0,10283,1078,700,0,openai/gpt-5-mini-2025-08-07,OpenAI,standard,false,true,,completed,stop,7314,5599,,macbook
gen-1777624490-mhje3drd9dp,2026-05-01 08:34:50.529,0.021226,,,,0,10101,860,0,3427,google/gemini-3-pro-preview,Google,standard,false,true,,completed,stop,7584,3604,OpenClaw,ci
gen-1777618936-yivmrp6gtef,2026-05-01 07:02:16.696,0.002698,,,,0,3199,463,486,0,openai/gpt-5-mini-2025-08-07,OpenAI,standard,false,true,,completed,stop,3486,1591,lovable-dev,macbook
gen-1777611408-nbvee1n5r7,2026-05-01 04:56:48.370,0.001028,,,,0,6342,619,1158,0,openai/gpt-5-nano-2025-08-07,OpenAI,standard,false,true,,completed,stop,7314,4149,tokeny-monitor,dev-laptop
gen-1777603646-lx4ivth1hz,2026-05-01 02:47:26.387,0.001656,,,,0,8336,1181,1918,0,openai/gpt-5-nano-2025-08-07,OpenAI,standard,false,true,,completed,stop,7595,3511,tokeny-monitor,rpi5
gen-1777586181-wcba1c9kut,2026-04-30 21:56:21.015,0.004452,,,,0,4047,684,1036,2908,openai/gpt-5-mini-2025-08-07,OpenAI,standard,false,false,,completed,stop,1870,816,OpenClaw,dev-laptop
gen-1777585476-gw8zrvr6x7e,2026-04-30 21:44:36.290,0.244197,,,,0,69629,2354,0,3378,anthropic/claude-4.6-sonnet-20260118,Anthropic,standard,false,true,,completed,stop,51392,22012,tokeny-monitor,rpi5
gen-1777573094-61hbhjby7cp,2026-04-30 18:18:14.563,0.036102,,,,0,6209,1165,0,0,anthropic/claude-4.6-sonnet-20260118,Anthropic,standard,false,true,,completed,stop,3896,2400,cursor-mp,dev-laptop
gen-1777572278-04j9vebysoj1,2026-04-30 18:04:38.788,0.001517,,,,0,9309,1332,0,0,meta-llama/llama-3.3-70b-instruct,DeepInfra,standard,false,false,,completed,stop,951,417,OpenClaw,ci
gen-1777568009-vohkodo7ke,2026-04-30 16:53:29.185,0.000918,,,,0,1519,1209,896,0,openai/gpt-5-nano-2025-08-07,OpenAI,standard,false,true,,completed,stop,5010,2649,OpenClaw,dev-laptop
gen-1777545058-7zz4ma1hej2,2026-04-30 10:30:58.218,0.002990,,,,0,2559,530,645,0,openai/gpt-5-mini-2025-08-07,OpenAI,standard,false,true,,completed,stop,5159,2936,tokeny-monitor,dev-laptop
gen-1777537655-u5it0rxmxy,2026-04-30 08:27:35.063,0.001177,,,,0,7064,113,1947,0,openai/gpt-5-nano-2025-08-07,OpenAI,standard,false,true,,completed,stop,3237,1511,OpenClaw,dev-laptop
gen-1777535747-u96kk7g2j1s,2026-04-30 07:55:47.491,0.001159,,,,0,1601,661,0,0,deepseek/deepseek-v3.2,DeepInfra,standard,false,true,,completed,tool_calls,5533,2220,,rpi5
gen-1777523976-oqwz2ya44im,2026-04-30 04:39:36.846,0.005562,,,,0,124615,3849,0,831,google/gemini-2.5-flash-lite,Google,standard,false,true,,completed,stop,38366,20913,OpenClaw,macbook
gen-1777492485-karhd0f4x4n,2026-04-29 19:54:45.065,0.002165,,,,0,7176,207,0,0,deepseek/deepseek-v3.2,DeepInfra,standard,false,true,,completed,stop,2770,1887,OpenClaw,macbook
gen-1777477402-x1codgmed6,2026-04-29 15:43:22.713,0.035430,,,,0,11465,69,0,2973,anthropic/claude-4.6-sonnet-20260118,Anthropic,standard,false,true,,completed,length,6339,4512,OpenClaw,ci
gen-1777463915-mf3ihqy7zh8,2026-04-29 11:58:35.488,0.001664,,,,0,10953,850,1941,0,openai/gpt-5-nano-2025-08-07,OpenAI,standard,false,true,,completed,stop,7693,5659,OpenClaw,ci
gen-1777447527-nowkd6awu49,2026-04-29 07:25:27.351,0.000816,,,,0,9747,284,0,0,google/gemini-2.5-flash,Google,standard,false,true,,completed,stop,844,669,lovable-dev,ci
gen-1777434288-xs2cln2a5q8,2026-04-29 03:44:48.346,0.000951,,,,0,9030,912,0,2821,google/gemini-2.5-flash,Google,standard,false,true,,completed,stop,7494,3618,OpenClaw,rpi5
gen-1777423813-vtt20x1zvp,2026-04-29 00:50:13.648,0.001211,,,,0,3289,294,0,0,deepseek/deepseek-v3.2,DeepInfra,standard,false,true,,completed,length,553,269,OpenClaw,dev-laptop
gen-1777420103-kkdm4nf71c,2026-04-28 23:48:23.242,0.000445,,,,0,6119,176,171,0,openai/gpt-5-nano-2025-08-07,OpenAI,standard,false,true,,completed,stop,602,283,OpenClaw,prod-api
gen-1777411350-m8bts1sjdfp,2026-04-28 21:22:30.062,0.008020,,,,0,8650,275,0,4639,anthropic/claude-haiku-4.5-20251022,Anthropic,standard,false,false,,completed,stop,2960,1968,cursor-mp,prod-api
gen-1777385270-0o2st5s5mj7h,2026-04-28 14:07:50.244,0.001607,,,,0,10804,951,1715,2033,openai/gpt-5-nano-2025-08-07,OpenAI,standard,true,false,,,error,0,0,cursor-mp,rpi5
gen-1777371684-cazxzplbi37,2026-04-28 10:21:24.368,0.001118,,,,0,10521,381,1100,0,openai/gpt-5-nano-2025-08-07,OpenAI,standard,false,true,,completed,stop,6359,4703,OpenClaw,prod-api
gen-1777345734-qb04nddldul,2026-04-28 03:08:54.839,0.204429,,,,0,135647,2660,827,0,openai/gpt-5-2025-08-07,OpenAI,standard,true,false,,,error,0,0,OpenClaw,prod-api
gen-1777322253-fs71r1hduhu,2026-04-27 20:37:33.273,0.001250,,,,0,11808,1216,0,0,google/gemini-2.5-flash,Google,standard,false,true,,completed,stop,4917,3387,lovable-dev,macbook
gen-1777311309-klzfphq7sd,2026-04-27 17:35:09.091,0.216189,,,,0,141599,2665,1254,0,openai/gpt-5-2025-08-07,OpenAI,standard,true,true,,,error,0,0,cursor-mp,prod-api
gen-1777306425-jz19n6x8qcn,2026-04-27 16:13:45.592,0.005191,,,,0,9707,1207,175,0,openai/gpt-5-mini-2025-08-07,OpenAI,standard,false,true,,completed,tool_calls,2181,1454,OpenClaw,prod-api
gen-1777296891-opz41scqv08,2026-04-27 13:34:51.442,0.000517,,,,0,8355,1219,0,0,google/gemini-2.5-flash-lite,Google,standard,false,true,,completed,stop,4742,2557,lovable-dev,macbook
gen-1777293982-i1jny6dr64e,2026-04-27 12:46:22.700,0.003869,,,,0,6539,681,436,0,openai/gpt-5-mini-2025-08-07,OpenAI,standard,false,true,,completed,length,3702,2731,OpenClaw,rpi5
gen-1777289001-hg4q2poojsd,2026-04-27 11:23:21.276,0.054453,,,,0,3811,1019,1849,0,x-ai/grok-4,xAI,standard,false,true,,completed,stop,2268,1075,,ci
gen-1777288346-10ccu140dcta,2026-04-27 11:12:26.926,0.000419,,,,0,6339,1105,0,0,google/gemini-2.5-flash-lite,Google,standard,false,true,,completed,stop,2530,1247,OpenClaw,ci
gen-1777286447-zlmoq38ba5h,2026-04-27 10:40:47.809,0.012414,,,,0,7555,297,0,1548,google/gemini-3-pro-preview,Google,standard,false,true,,completed,stop,4217,2099,OpenClaw,prod-api
gen-1777283484-z8nqqaahuy,2026-04-27 09:51:24.565,0.013923,,,,0,6306,604,0,0,google/gemini-3-pro-preview,Google,standard,false,true,,completed,length,7540,5664,OpenClaw,macbook
gen-1777263658-2jid4en489x,2026-04-27 04:20:58.331,0.005662,,,,0,9504,302,1341,0,openai/gpt-5-mini-2025-08-07,OpenAI,standard,false,false,,completed,stop,5604,3421,OpenClaw,prod-api
gen-1777205949-51x29yyxnke,2026-04-26 12:19:09.941,0.001239,,,,0,3159,351,0,0,deepseek/deepseek-v3.2,DeepInfra,standard,false,false,,completed,stop,3057,1890,cursor-mp,macbook
gen-1777192765-k90o8g32co,2026-04-26 08:39:25.533,0.040590,,,,0,10320,642,0,4901,anthropic/claude-4.6-sonnet-20260118,Anthropic,standard,false,true,,completed,stop,841,386,OpenClaw,rpi5
gen-1777189569-9h9xoq9jeab,2026-04-26 07:46:09.700,0.000309,,,,0,3668,113,0,0,google/gemini-2.5-flash,Google,standard,false,false,,completed,stop,5795,3246,,ci
gen-1777186008-zsbaofyv8rf,2026-04-26 06:46:48.769,0.003148,,,,0,512,354,0,0,mistralai/mistral-large-2411,Mistral,standard,false,false,,completed,stop,2481,1740,OpenClaw,dev-laptop
gen-1777176819-r184dxxtl0r,2026-04-26 04:13:39.613,0.009635,,,,0,5634,1282,0,4044,anthropic/claude-haiku-4.5-20251022,Anthropic,standard,false,true,,completed,stop,3495,2105,OpenClaw,dev-laptop
gen-1777176304-d5fwtb7xgtu,2026-04-26 04:05:04.724,0.000679,,,,0,3933,1279,0,0,google/gemini-2.5-flash,Google,standard,false,true,,completed,stop,4896,3192,cursor-mp,prod-api
gen-1777167210-dqidnxtx2kh,2026-04-26 01:33:30.047,0.208450,,,,0,120872,4064,1672,569,openai/gpt-5-2025-08-07,OpenAI,standard,false,true,,completed,stop,31862,15969,lovable-dev,prod-api
gen-1777155877-244nhbqxmxn,2026-04-25 22:24:37.606,0.000259,,,,0,1779,419,0,0,google/gemini-2.5-flash,Google,standard,false,true,,completed,stop,4002,2502,lovable-dev,macbook
gen-1777151348-7j868arxvl3,2026-04-25 21:09:08.009,0.007416,,,,0,5465,761,0,0,anthropic/claude-haiku-4.5-20251022,Anthropic,standard,false,true,,completed,stop,1843,1226,OpenClaw,prod-api
gen-1777150028-ol588zsi228,2026-04-25 20:47:08.742,0.022216,,,,0,7965,1226,0,0,google/gemini-3-pro-preview,Google,standard,false,true,,completed,stop,1055,522,OpenClaw,macbook
gen-1777143883-ij639gsvnbd,2026-04-25 19:04:43.597,0.005261,,,,0,6014,799,1080,0,openai/gpt-5-mini-2025-08-07,OpenAI,standard,false,false,,completed,stop,4185,2112,tokeny-monitor,ci
gen-1777140510-3sfsocru5w6,2026-04-25 18:08:30.653,0.000536,,,,0,1851,1323,0,2124,google/gemini-2.5-flash,Google,standard,false,false,,completed,stop,5257,3990,cursor-mp,ci
gen-1777136407-qcjw5ghmq8d,2026-04-25 17:00:07.545,0.000472,,,,0,2630,915,0,0,google/gemini-2.5-flash,Google,standard,false,true,,completed,stop,6026,4198,OpenClaw,macbook
gen-1777106320-kxnwdeht1b,2026-04-25 08:38:40.721,0.006961,,,,0,1601,496,0,0,google/gemini-3-pro-preview,Google,standard,false,false,,completed,stop,5106,3975,OpenClaw,dev-laptop
gen-1777096508-7g0v5npzs3,2026-04-25 05:55:08.265,0.024588,,,,0,3631,913,0,0,anthropic/claude-4.6-sonnet-20260118,Anthropic,standard,false,true,,completed,length,4816,2002,,prod-api
gen-1777094259-jyx9ynt3zam,2026-04-25 05:17:39.069,0.007919,,,,0,2775,445,0,0,google/gemini-3-pro-preview,Google,standard,false,true,,completed,tool_calls,1333,548,,prod-api
gen-1777087531-3bjxzppqz01,2026-04-25 03:25:31.302,0.016524,,,,0,498,1002,0,0,anthropic/claude-4.6-sonnet-20260118,Anthropic,standard,false,false,,completed,stop,6801,3614,cursor-mp,prod-api
gen-1777083832-57f97zrci4e,2026-04-25 02:23:52.307,0.021006,,,,0,3677,665,0,1438,anthropic/claude-4.6-sonnet-20260118,Anthropic,standard,false,true,,completed,stop,5067,2435,OpenClaw,prod-api
gen-1777071509-gsof8lryr07,2026-04-24 22:58:29.629,0.000524,,,,0,8561,1208,0,4086,google/gemini-2.5-flash-lite,Google,standard,false,true,,completed,stop,7325,4694,lovable-dev,dev-laptop
gen-1777068305-hqze52ol83l,2026-04-24 22:05:05.764,0.000941,,,,0,1472,494,0,0,deepseek/deepseek-v3.2,DeepInfra,standard,false,false,,completed,stop,4081,2274,OpenClaw,rpi5
gen-1777050815-tpx989uqvwo,2026-04-24 17:13:35.570,0.055296,,,,0,170361,5780,573,0,openai/gpt-5-mini-2025-08-07,OpenAI,standard,false,true,,completed,stop,33698,24076,OpenClaw,prod-api
gen-1777045210-cripppc6lb,2026-04-24 15:40:10.281,0.004549,,,,0,4252,1079,664,0,openai/gpt-5-mini-2025-08-07,OpenAI,standard,false,false,,completed,stop,6749,2983,OpenClaw,rpi5
gen-1777036046-euok6zh9bx,2026-04-24 13:07:26.504,0.492591,,,,0,118172,8557,648,0,x-ai/grok-4,xAI,standard,false,true,,completed,stop,54891,24818,cursor-mp,macbook
gen-1777020964-46g3dt5sci5,2026-04-24 08:56:04.531,0.001246,,,,0,8654,732,1302,3654,openai/gpt-5-nano-2025-08-07,OpenAI,standard,false,true,,completed,tool_calls,1105,778,,prod-api
gen-1777012375-ws8sm8260ti,2026-04-24 06:32:55.764,0.008430,,,,0,5776,121,0,0,google/gemini-3-pro-preview,Google,standard,false,true,,completed,stop,3895,2430,OpenClaw,rpi5
gen-1776997319-1zldi9yvvvy,2026-04-24 02:21:59.881,0.009641,,,,0,8041,802,0,0,anthropic/claude-haiku-4.5-20251022,Anthropic,standard,false,true,,completed,stop,3578,1927,OpenClaw,ci
gen-1776993731-sbbstb6rjee,2026-04-24 01:22:11.666,0.012210,,,,0,5136,579,0,4150,google/gemini-3-pro-preview,Google,standard,false,true,,completed,tool_calls,4962,2631,lovable-dev,ci
gen-1776984586-uf0yuvkmg6,2026-04-23 22:49:46.782,0.001495,,,,0,9270,1277,0,0,meta-llama/llama-3.3-70b-instruct,DeepInfra,standard,false,true,,completed,tool_calls,2035,967,cursor-mp,rpi5
gen-1776979624-gel52wa2cff,2026-04-23 21:27:04.311,0.037949,,,,0,80062,8468,499,524,openai/gpt-5-mini-2025-08-07,OpenAI,standard,false,true,,completed,stop,24817,14417,,prod-api
gen-1776972529-22u65d4196k,2026-04-23 19:28:49.938,0.016672,,,,0,3971,1455,0,0,mistralai/mistral-large-2411,Mistral,standard,false,true,,completed,stop,4830,2013,cursor-mp,ci
gen-1776941179-s3wlz4iffi9,2026-04-23 10:46:19.607,0.002560,,,,0,6504,731,0,0,deepseek/deepseek-v3.2,DeepInfra,standard,false,true,,completed,length,2476,1949,tokeny-monitor,ci
gen-1776936852-jpawzuwcv1,2026-04-23 09:34:12.041,0.023266,,,,0,7773,1355,0,4854,google/gemini-3-pro-preview,Google,standard,false,true,,completed,stop,1454,946,OpenClaw,prod-api
gen-1776933121-i3fj1s1ryvr,2026-04-23 08:32:01.807,0.016701,,,,0,4281,806,329,1265,openai/gpt-5-2025-08-07,OpenAI,standard,false,false,,completed,stop,3887,2951,OpenClaw,rpi5
gen-1776918322-gjbbzc6uyid,2026-04-23 04:25:22.082,0.001119,,,,0,11537,846,0,0,google/gemini-2.5-flash,Google,standard,false,true,,completed,stop,3299,1588,lovable-dev,ci
gen-1776912019-lsedgoutqrb,2026-04-23 02:40:19.414,0.000160,,,,0,885,313,0,3159,google/gemini-2.5-flash,Google,standard,false,true,,completed,stop,2877,1390,cursor-mp,rpi5
gen-1776898685-zhbap4tbl4b,2026-04-22 22:58:05.662,0.001096,,,,0,3410,896,1417,0,openai/gpt-5-nano-2025-08-07,OpenAI,standard,false,false,,completed,stop,6297,3514,OpenClaw,dev-laptop
gen-1776896815-oevze1g18no,2026-04-22 22:26:55.517,0.194640,,,,0,11601,275,0,1211,anthropic/claude-4.6-opus-20260205,Anthropic,standard,false,true,,completed,stop,3125,1629,lovable-dev,macbook
gen-1776892397-0w0dcifdsit,2026-04-22 21:13:17.934,0.000251,,,,0,3397,767,0,0,google/gemini-2.5-flash-lite,Google,standard,false,true,,completed,length,1581,922,cursor-mp,prod-api
gen-1776879846-crun1808cuj,2026-04-22 17:44:06.033,0.000181,,,,0,1912,697,0,4649,google/gemini-2.5-flash-lite,Google,standard,false,true,,completed,stop,3876,3021,OpenClaw,rpi5
gen-1776855540-elgg3bbhytg,2026-04-22 10:59:00.478,0.011883,,,,0,10269,917,0,0,anthropic/claude-haiku-4.5-20251022,Anthropic,standard,false,true,,completed,stop,7183,5637,tokeny-monitor,dev-laptop
gen-1776854510-4t3eigydvk3,2026-04-22 10:41:50.228,0.020649,,,,0,5695,1068,285,0,openai/gpt-5-2025-08-07,OpenAI,standard,false,true,,completed,tool_calls,7817,4088,lovable-dev,prod-api
gen-1776848521-626dolxkcc6,2026-04-22 09:02:01.118,0.005813,,,,0,4991,455,0,0,anthropic/claude-haiku-4.5-20251022,Anthropic,standard,false,true,,completed,stop,6003,2843,OpenClaw,rpi5
gen-1776838159-4udogxlhj85,2026-04-22 06:09:19.357,0.010752,,,,0,2205,1057,0,0,mistralai/mistral-large-2411,Mistral,standard,false,true,,completed,stop,6858,4882,tokeny-monitor,ci
gen-1776806324-k7bz8n06dor,2026-04-21 21:18:44.241,0.033127,,,,0,3254,1335,1571,0,openai/gpt-5-2025-08-07,OpenAI,standard,false,false,,completed,stop,1271,522,OpenClaw,macbook
gen-1776803237-lxppwvav32g,2026-04-21 20:27:17.895,0.000705,,,,0,2396,1435,27,0,openai/gpt-5-nano-2025-08-07,OpenAI,standard,false,true,,completed,stop,7319,4973,lovable-dev,macbook
gen-1776794356-qi346id4b6,2026-04-21 17:59:16.908,0.003728,,,,0,11559,552,0,4336,deepseek/deepseek-v3.2,DeepInfra,standard,false,false,,completed,stop,3712,2333,cursor-mp,ci
gen-1776794224-lxq2klkszj,2026-04-21 17:57:04.927,0.025050,,,,0,3400,755,235,2395,x-ai/grok-4,xAI,standard,false,true,,completed,stop,2556,1144,OpenClaw,prod-api
gen-1776751318-tcbnq1o4xk,2026-04-21 06:01:58.160,0.005422,,,,0,10727,1147,223,2587,openai/gpt-5-mini-2025-08-07,OpenAI,standard,false,false,,completed,stop,3278,1876,OpenClaw,dev-laptop
gen-1776748435-djrp20q2tc,2026-04-21 05:13:55.256,0.001110,,,,0,2799,1091,1335,0,openai/gpt-5-nano-2025-08-07,OpenAI,standard,false,false,,completed,stop,3993,1788,,dev-laptop
gen-1776739291-4pf7luk2ngu,2026-04-21 02:41:31.739,0.000218,,,,0,814,318,124,3305,openai/gpt-5-nano-2025-08-07,OpenAI,standard,false,false,,completed,stop,3439,2675,tokeny-monitor,ci
gen-1776735957-ueggjhsz078,2026-04-21 01:45:57.958,0.002382,,,,0,8494,81,0,0,deepseek/deepseek-v3.2,DeepInfra,standard,false,true,,completed,stop,2382,1609,,ci
gen-1776708263-t7feyhj901n,2026-04-20 18:04:23.551,0.000448,,,,0,282,108,977,0,openai/gpt-5-nano-2025-08-07,OpenAI,standard,false,true,,completed,length,4131,3035,cursor-mp,dev-laptop
gen-1776704202-gujs2mj5hw9,2026-04-20 16:56:42.909,0.005409,,,,0,8757,1407,203,4817,openai/gpt-5-mini-2025-08-07,OpenAI,standard,false,false,,completed,stop,2121,1352,OpenClaw,macbook
gen-1776702553-h6uydblfky4,2026-04-20 16:29:13.849,0.001407,,,,0,897,1059,0,0,deepseek/deepseek-v3.2,DeepInfra,standard,false,true,,completed,stop,5780,2605,,dev-laptop
gen-1776699049-xyyn0k3m8zc,2026-04-20 15:30:49.104,0.001447,,,,0,10296,704,0,0,meta-llama/llama-3.3-70b-instruct,DeepInfra,standard,false,true,,completed,tool_calls,6403,3119,OpenClaw,macbook
gen-1776696736-k2f9fpsmql8,2026-04-20 14:52:16.149,0.007222,,,,0,11137,434,1785,0,openai/gpt-5-mini-2025-08-07,OpenAI,standard,false,true,,completed,stop,1344,641,OpenClaw,rpi5
gen-1776670054-lwt2y5lvz8h,2026-04-20 07:27:34.853,0.001151,,,,0,388,501,26,3161,openai/gpt-5-mini-2025-08-07,OpenAI,standard,false,false,,completed,stop,7425,4412,OpenClaw,prod-api
gen-1776664612-o5yyetx2iy,2026-04-20 05:56:52.818,0.003928,,,,0,11509,746,0,0,deepseek/deepseek-v3.2,DeepInfra,standard,false,false,,completed,tool_calls,5983,4534,OpenClaw,prod-api
gen-1776644768-dwoa0fewl9,2026-04-20 00:26:08.316,0.042083,,,,0,146703,2248,0,1411,deepseek/deepseek-v3.2,DeepInfra,standard,false,true,,completed,stop,36001,23219,OpenClaw,ci
gen-1776644691-q6wdkfwrq5p,2026-04-20 00:24:51.355,0.035906,,,,0,10029,672,1665,0,openai/gpt-5-2025-08-07,OpenAI,standard,false,true,,completed,stop,6084,4342,tokeny-monitor,macbook
gen-1776642862-s5037bn0dg,2026-04-19 23:54:22.460,0.048495,,,,0,11745,884,0,0,anthropic/claude-4.6-sonnet-20260118,Anthropic,standard,false,true,,completed,tool_calls,2716,1186,cursor-mp,dev-laptop
gen-1776638099-lxndrkztcy,2026-04-19 22:34:59.346,0.017450,,,,0,7208,76,768,0,openai/gpt-5-2025-08-07,OpenAI,standard,false,true,,completed,stop,5300,3635,cursor-mp,dev-laptop
gen-1776625863-to28xuv2ofs,2026-04-19 19:11:03.297,0.009426,,,,0,7022,952,0,0,anthropic/claude-haiku-4.5-20251022,Anthropic,standard,false,false,,completed,stop,7725,4653,tokeny-monitor,ci
gen-1776614046-bbqkg86mpm5,2026-04-19 15:54:06.392,0.000447,,,,0,8061,832,0,276,google/gemini-2.5-flash-lite,Google,standard,false,false,,completed,stop,1898,1315,cursor-mp,dev-laptop
gen-1776609884-xzclrh5mp1f,2026-04-19 14:44:44.079,0.004201,,,,0,10119,1335,0,0,deepseek/deepseek-v3.2,DeepInfra,standard,false,true,,completed,stop,6246,4424,OpenClaw,macbook
gen-1776609493-9hxxie6qs8b,2026-04-19 14:38:13.344,0.042969,,,,0,9058,1053,0,0,anthropic/claude-4.6-sonnet-20260118,Anthropic,standard,false,false,,completed,stop,6182,4413,lovable-dev,rpi5
gen-1776606234-6vgep6ksz6b,2026-04-19 13:43:54.414,0.017895,,,,0,7572,843,0,4934,google/gemini-3-pro-preview,Google,standard,false,true,,completed,stop,7259,4267,OpenClaw,rpi5
gen-1776590747-ihd0vi8w7kc,2026-04-19 09:25:47.800,0.145860,,,,0,4544,1036,0,3367,anthropic/claude-4.6-opus-20260205,Anthropic,standard,false,true,,completed,stop,7494,3872,lovable-dev,prod-api
gen-1776579800-sj3lknuuk9,2026-04-19 06:23:20.366,0.034110,,,,0,6990,876,0,366,anthropic/claude-4.6-sonnet-20260118,Anthropic,standard,false,false,,completed,stop,6212,2722,OpenClaw,macbook
gen-1776555464-quckbt923vd,2026-04-18 23:37:44.967,0.001078,,,,0,11061,344,969,347,openai/gpt-5-nano-2025-08-07,OpenAI,standard,false,false,,completed,stop,433,177,tokeny-monitor,rpi5
gen-1776549332-f2w0eijxfsi,2026-04-18 21:55:32.261,0.016191,,,,0,273,785,800,0,openai/gpt-5-2025-08-07,OpenAI,standard,false,true,,completed,tool_calls,5366,2960,OpenClaw,prod-api
gen-1776541513-0uqygxbz2nok,2026-04-18 19:45:13.560,0.026312,,,,0,6666,588,1210,0,openai/gpt-5-2025-08-07,OpenAI,standard,false,false,,completed,stop,6206,4451,OpenClaw,rpi5
gen-1776540843-rcopvsdavm,2026-04-18 19:34:03.687,0.009945,,,,0,8241,838,0,0,anthropic/claude-haiku-4.5-20251022,Anthropic,standard,false,true,,completed,stop,4672,3356,cursor-mp,dev-laptop
gen-1776540043-m6yy1q19eei,2026-04-18 19:20:43.979,0.004840,,,,0,2159,1120,1030,0,openai/gpt-5-mini-2025-08-07,OpenAI,standard,false,false,,completed,stop,3196,1543,cursor-mp,macbook
gen-1776516872-7y0d797opym,2026-04-18 12:54:32.743,0.011504,,,,0,6211,57,317,0,openai/gpt-5-2025-08-07,OpenAI,standard,false,true,,completed,stop,6342,5064,cursor-mp,dev-laptop
gen-1776482402-rtnx9q5al2c,2026-04-18 03:20:02.795,0.009759,,,,0,1313,388,0,0,anthropic/claude-4.6-sonnet-20260118,Anthropic,standard,false,true,,completed,stop,1226,844,OpenClaw,dev-laptop
gen-1776452876-blic29ln7kv,2026-04-17 19:07:56.753,0.007179,,,,0,6089,577,0,0,anthropic/claude-haiku-4.5-20251022,Anthropic,standard,false,true,,completed,tool_calls,439,347,OpenClaw,dev-laptop
gen-1776445966-743yb3ng3ij,2026-04-17 17:12:46.706,0.001174,,,,0,10168,1053,611,0,openai/gpt-5-nano-2025-08-07,OpenAI,standard,false,true,,completed,stop,5255,2968,lovable-dev,dev-laptop
gen-1776445047-m3ek0xvbzh,2026-04-17 16:57:27.536,0.066387,,,,0,7989,1360,1468,3515,x-ai/grok-4,xAI,standard,false,true,,completed,stop,3945,1722,,prod-api
gen-1776434959-aqabrex8ht9,2026-04-17 14:09:19.405,0.000819,,,,0,5809,653,668,2082,openai/gpt-5-nano-2025-08-07,OpenAI,standard,false,true,,completed,stop,3824,1934,,prod-api
gen-1776432907-d4m5qycza6b,2026-04-17 13:35:07.069,0.000751,,,,0,5338,368,0,0,meta-llama/llama-3.3-70b-instruct,DeepInfra,standard,false,false,,completed,stop,6815,3152,OpenClaw,macbook
gen-1776432083-1k60sm431fqi,2026-04-17 13:21:23.265,0.000783,,,,0,3479,777,746,0,openai/gpt-5-nano-2025-08-07,OpenAI,standard,false,true,,completed,stop,7269,4762,OpenClaw,prod-api
gen-1776405856-ke1vbki111,2026-04-17 06:04:16.375,0.000282,,,,0,1458,1492,0,0,google/gemini-2.5-flash-lite,Google,standard,false,true,,completed,stop,2117,1437,OpenClaw,ci
gen-1776404079-d7ciea9w1hc,2026-04-17 05:34:39.094,0.015056,,,,0,3658,1290,0,0,mistralai/mistral-large-2411,Mistral,standard,false,true,,completed,stop,3129,2210,tokeny-monitor,macbook
gen-1776369554-bvddx3e99fk,2026-04-16 19:59:14.885,0.007159,,,,0,157131,5828,0,2134,google/gemini-2.5-flash-lite,Google,standard,false,true,,completed,stop,59085,44885,tokeny-monitor,prod-api
gen-1776350616-6274r75r8ce,2026-04-16 14:43:36.125,0.000470,,,,0,9153,692,0,0,google/gemini-2.5-flash-lite,Google,standard,false,false,,completed,stop,518,336,tokeny-monitor,dev-laptop
gen-1776325542-5hfqgw9t1co,2026-04-16 07:45:42.013,0.023676,,,,0,11821,890,0,1922,google/gemini-3-pro-preview,Google,standard,true,true,,,error,0,0,OpenClaw,prod-api
gen-1776324235-uan1gq8won9,2026-04-16 07:23:55.471,0.012981,,,,0,1313,1134,0,1457,google/gemini-3-pro-preview,Google,standard,false,true,,completed,tool_calls,5214,3566,tokeny-monitor,dev-laptop
gen-1776316345-bbrhpj3b6e7,2026-04-16 05:12:25.845,0.000538,,,,0,8410,1342,0,0,google/gemini-2.5-flash-lite,Google,standard,false,true,,completed,length,1107,578,cursor-mp,ci
gen-1776297653-2myqv5shqx,2026-04-16 00:00:53.596,0.002981,,,,0,1378,1050,268,2236,openai/gpt-5-mini-2025-08-07,OpenAI,standard,false,true,,completed,stop,7798,3619,OpenClaw,ci
gen-1776233165-jgiiar2yq6,2026-04-15 06:06:05.530,0.001136,,,,0,6420,1217,0,2103,meta-llama/llama-3.3-70b-instruct,DeepInfra,standard,false,false,,completed,stop,6704,4940,tokeny-monitor,dev-laptop
gen-1776211619-teql2k34e9p,2026-04-15 00:06:59.166,0.024076,,,,0,2053,529,1622,0,openai/gpt-5-2025-08-07,OpenAI,standard,false,false,,completed,stop,1662,996,tokeny-monitor,dev-laptop
gen-1776207747-ewjjq8mfbx,2026-04-14 23:02:27.106,0.000923,,,,0,7300,777,619,0,openai/gpt-5-nano-2025-08-07,OpenAI,standard,false,true,,completed,length,7557,5879,lovable-dev,prod-api
gen-1776207322-rtgs5sih0wi,2026-04-14 22:55:22.558,0.000556,,,,0,9362,1213,0,0,google/gemini-2.5-flash-lite,Google,standard,false,false,,completed,stop,4295,2341,cursor-mp,dev-laptop
gen-1776194946-ac88em9inl,2026-04-14 19:29:06.478,0.006377,,,,0,10843,174,1659,0,openai/gpt-5-mini-2025-08-07,OpenAI,standard,false,true,,completed,stop,4087,2122,OpenClaw,rpi5
gen-1776170140-n64zm7y16u,2026-04-14 12:35:40.135,0.003817,,,,0,9778,569,117,4185,openai/gpt-5-mini-2025-08-07,OpenAI,standard,false,true,,completed,stop,1184,577,cursor-mp,rpi5
gen-1776157169-7f2ix19apk4,2026-04-14 08:59:29.085,0.000144,,,,0,830,271,0,0,google/gemini-2.5-flash,Google,standard,false,true,,completed,stop,5803,4444,cursor-mp,dev-laptop
gen-1776149205-el2l7szi4ka,2026-04-14 06:46:45.109,0.023435,,,,0,7532,1402,0,0,google/gemini-3-pro-preview,Google,standard,false,true,,completed,tool_calls,1220,768,,macbook
gen-1776145078-idsno4aj569,2026-04-14 05:37:58.769,0.005478,,,,0,1681,748,1781,0,openai/gpt-5-mini-2025-08-07,OpenAI,standard,false,true,,completed,stop,5694,2854,OpenClaw,ci
gen-1776133567-6mmjukcao4m,2026-04-14 02:26:07.791,0.000934,,,,0,3391,106,1806,0,openai/gpt-5-nano-2025-08-07,OpenAI,standard,false,true,,completed,stop,1133,601,,rpi5
gen-1776131844-6kkv66v1yzm,2026-04-14 01:57:24.965,0.017827,,,,0,8014,781,0,0,google/gemini-3-pro-preview,Google,standard,false,true,,completed,stop,7803,3793,OpenClaw,macbook
gen-1776122301-15481b8jdy4,2026-04-13 23:18:21.135,0.001107,,,,0,11510,814,0,1162,google/gemini-2.5-flash,Google,standard,false,false,,completed,stop,3057,2087,,dev-laptop
gen-1776105511-pymzg0p97c,2026-04-13 18:38:31.461,0.028112,,,,0,11449,869,0,277,mistralai/mistral-large-2411,Mistral,standard,false,false,,completed,stop,6661,5156,OpenClaw,prod-api
gen-1776090838-wxh3hhc8g8h,2026-04-13 14:33:58.975,0.029733,,,,0,3821,1218,0,0,anthropic/claude-4.6-sonnet-20260118,Anthropic,standard,false,false,,completed,stop,4855,3169,OpenClaw,dev-laptop
gen-1776089966-n0g0tkqus2,2026-04-13 14:19:26.405,0.000910,,,,0,11263,217,0,3529,google/gemini-2.5-flash,Google,standard,false,true,,completed,stop,3973,3132,,prod-api
gen-1776026936-mq36qp264b,2026-04-12 20:48:56.085,0.018141,,,,0,2769,760,708,3551,openai/gpt-5-2025-08-07,OpenAI,standard,false,true,,completed,stop,2688,1205,cursor-mp,ci
gen-1776000780-m2tr3w6uye,2026-04-12 13:33:00.619,0.001331,,,,0,10492,240,0,0,meta-llama/llama-3.3-70b-instruct,DeepInfra,standard,false,false,,completed,stop,674,344,OpenClaw,prod-api
gen-1775977482-ixf1v2lt0rm,2026-04-12 07:04:42.371,0.001584,,,,0,4239,171,91,4865,openai/gpt-5-mini-2025-08-07,OpenAI,standard,false,true,,completed,stop,4970,2783,OpenClaw,prod-api
gen-1775959939-9qfu0i5xgro,2026-04-12 02:12:19.419,0.012638,,,,0,9878,1184,0,0,anthropic/claude-haiku-4.5-20251022,Anthropic,standard,false,false,,completed,length,1211,577,OpenClaw,ci
gen-1775956826-4ghkl3l4tle,2026-04-12 01:20:26.050,0.034611,,,,0,11345,1251,792,0,openai/gpt-5-2025-08-07,OpenAI,standard,false,true,,completed,stop,5288,2730,tokeny-monitor,prod-api
gen-1775925112-m1jg0eoz1gc,2026-04-11 16:31:52.168,0.000426,,,,0,6329,1152,0,0,google/gemini-2.5-flash-lite,Google,standard,false,false,,completed,stop,6751,4018,OpenClaw,prod-api
gen-1775918938-jr2wrwwgal,2026-04-11 14:48:58.384,0.000805,,,,0,756,50,0,0,anthropic/claude-haiku-4.5-20251022,Anthropic,standard,false,false,,completed,stop,5597,3170,lovable-dev,macbook
gen-1775914879-6l5cxafex6u,2026-04-11 13:41:19.029,0.016919,,,,0,5775,970,0,4582,google/gemini-3-pro-preview,Google,standard,false,true,,completed,stop,829,586,lovable-dev,prod-api
gen-1775894490-qr2yjmt9mpp,2026-04-11 08:01:30.411,0.005717,,,,0,10564,454,1084,0,openai/gpt-5-mini-2025-08-07,OpenAI,standard,false,true,,completed,stop,4060,1836,cursor-mp,dev-laptop
gen-1775891287-qyq9s7zgzfe,2026-04-11 07:08:07.295,0.000329,,,,0,1902,622,0,0,google/gemini-2.5-flash,Google,standard,false,false,,completed,stop,4106,1791,tokeny-monitor,ci
gen-1775889466-dzmzwou55i,2026-04-11 06:37:46.200,0.193245,,,,0,8663,844,0,0,anthropic/claude-4.6-opus-20260205,Anthropic,standard,false,true,,completed,stop,2113,1634,OpenClaw,prod-api
gen-1775880277-mbn43ca2aq,2026-04-11 04:04:37.998,0.036814,,,,0,11827,1185,1018,0,openai/gpt-5-2025-08-07,OpenAI,standard,false,false,,completed,stop,4361,2177,OpenClaw,rpi5
gen-1775865734-mdm4v97923i,2026-04-11 00:02:14.624,0.000245,,,,0,416,712,0,2141,google/gemini-2.5-flash,Google,standard,false,true,,completed,stop,2385,1069,OpenClaw,prod-api
gen-1775857240-08wu559teosx,2026-04-10 21:40:40.708,0.000620,,,,0,7028,308,0,0,google/gemini-2.5-flash,Google,standard,false,true,,completed,stop,5208,3419,cursor-mp,dev-laptop
gen-1775856896-us6u2hqss4k,2026-04-10 21:34:56.373,0.001726,,,,0,11778,896,1947,0,openai/gpt-5-nano-2025-08-07,OpenAI,standard,false,false,,completed,stop,6212,2725,tokeny-monitor,ci
gen-1775827328-ldeilygzmjq,2026-04-10 13:22:08.856,0.006172,,,,0,4785,586,0,0,anthropic/claude-haiku-4.5-20251022,Anthropic,standard,false,true,,completed,stop,5242,2170,,rpi5
gen-1775826498-erbac2xq8r7,2026-04-10 13:08:18.621,0.024657,,,,0,5584,527,0,0,anthropic/claude-4.6-sonnet-20260118,Anthropic,standard,false,true,,completed,tool_calls,1498,808,OpenClaw,prod-api
gen-1775772284-ddaqdozi5w8,2026-04-09 22:04:44.677,0.000801,,,,0,6349,129,0,4868,meta-llama/llama-3.3-70b-instruct,DeepInfra,standard,false,true,,completed,stop,3444,2404,tokeny-monitor,rpi5
gen-1775759626-hu1kf8vpeip,2026-04-09 18:33:46.147,0.000313,,,,0,7438,106,0,0,google/gemini-2.5-flash-lite,Google,standard,false,true,,completed,stop,4834,3160,OpenClaw,prod-api
gen-1775752454-g2a7o9lgf8,2026-04-09 16:34:14.598,0.025788,,,,0,1116,575,921,3271,x-ai/grok-4,xAI,standard,false,true,,completed,stop,1298,808,tokeny-monitor,ci
gen-1775751420-8blmybf54n4,2026-04-09 16:17:00.785,0.012565,,,,0,3612,155,650,0,openai/gpt-5-2025-08-07,OpenAI,standard,false,true,,completed,stop,4582,2405,lovable-dev,dev-laptop
gen-1775748989-7hz2ujdhq99,2026-04-09 15:36:29.669,0.001826,,,,0,3106,898,0,0,deepseek/deepseek-v3.2,DeepInfra,standard,false,true,,completed,stop,4122,2659,lovable-dev,rpi5
gen-1775733841-dyxq6cdf2ln,2026-04-09 11:24:01.757,0.000836,,,,0,898,1104,873,0,openai/gpt-5-nano-2025-08-07,OpenAI,standard,false,true,,completed,stop,1015,625,,prod-api
gen-1775726565-sslzh8a5hgl,2026-04-09 09:22:45.761,0.087165,,,,0,4931,176,0,3343,anthropic/claude-4.6-opus-20260205,Anthropic,standard,false,false,,completed,length,2487,1758,OpenClaw,prod-api
gen-1775724200-a3lhpc3tilk,2026-04-09 08:43:20.937,0.006906,,,,0,4343,858,0,579,anthropic/claude-haiku-4.5-20251022,Anthropic,standard,false,true,,completed,stop,3558,2416,lovable-dev,ci
gen-1775722027-0m8eixntth58,2026-04-09 08:07:07.547,0.035511,,,,0,6202,1127,0,2053,anthropic/claude-4.6-sonnet-20260118,Anthropic,standard,false,true,,completed,length,6988,4031,lovable-dev,dev-laptop
gen-1775669245-flq8r89do0u,2026-04-08 17:27:25.719,0.029535,,,,0,6195,730,0,0,anthropic/claude-4.6-sonnet-20260118,Anthropic,standard,false,true,,completed,stop,5910,3489,lovable-dev,dev-laptop
gen-1775661353-wzuvnv9disp,2026-04-08 15:15:53.650,0.006790,,,,0,3904,191,0,0,google/gemini-3-pro-preview,Google,standard,false,true,,completed,stop,6184,2752,tokeny-monitor,ci
gen-1775657347-sx7hbyadsa,2026-04-08 14:09:07.608,0.002755,,,,0,10475,825,0,0,qwen/qwen3-coder-480b,Alibaba,standard,false,true,,completed,stop,2712,1416,lovable-dev,ci
gen-1775654552-8vz7b2hm4i9,2026-04-08 13:22:32.028,0.035144,,,,0,84144,6415,639,0,openai/gpt-5-mini-2025-08-07,OpenAI,standard,false,true,,completed,stop,47501,26338,OpenClaw,prod-api
gen-1775649088-esq6zpzly7e,2026-04-08 11:51:28.679,0.005146,,,,0,2248,837,0,4834,anthropic/claude-haiku-4.5-20251022,Anthropic,standard,false,true,,completed,stop,2297,1234,OpenClaw,macbook
gen-1775648365-3s8s3ylfjat,2026-04-08 11:39:25.309,0.001475,,,,0,2743,1158,0,0,qwen/qwen3-coder-480b,Alibaba,standard,false,true,,completed,stop,4878,2508,,prod-api
gen-1775631035-5umqkisdxmp,2026-04-08 06:50:35.136,0.149910,,,,0,6854,628,0,2057,anthropic/claude-4.6-opus-20260205,Anthropic,standard,false,true,,completed,stop,5823,3742,OpenClaw,dev-laptop
